,year,company,eia_id,cec_id,plant,state,capacity_MW,gross_MWhm,net_MWh
0,2003,Not Available,Missing,W9999,CAISO In-State Wind Generation,CA,1571.0,3315600,3315600
1,2004,Not Available,Missing,W9999,CAISO In-State Wind Generation,CA,2064.0,4257820,4257820
2,2005,Not Available,Missing,W9999,CAISO In-State Wind Generation,CA,2089.2,4084050,4084050
3,2006,Not Available,Missing,W9999,CAISO In-State Wind Generation,CA,2310.2,4901530,4901530
4,2007,Not Available,Missing,W9999,CAISO In-State Wind Generation,CA,2373.2,5569730,5569730
5,2008,Not Available,Missing,W9999,CAISO In-State Wind Generation,CA,2462.2,5724000,5724000
6,2009,Los Angeles Department of Water & Power (LADWP),56433,W0368,Pine Tree Wind Power Plant,CA,120.0,101840,101840
7,2009,Not Available,Missing,W9999,CAISO In-State Wind Generation,CA,2608.4,6146750,6146750
8,2010,Los Angeles Department of Water & Power (LADWP),56433,W0368,Pine Tree Wind Power Plant,CA,120.0,306386,306386
9,2010,Not Available,Missing,W9999,CAISO In-State Wind Generation,CA,3062.9,5865290,5865290
10,2011,Los Angeles Department of Water & Power (LADWP),56433,W0368,Pine Tree Wind Power Plant,CA,135.0,293056,286156
11,2011,Not Available,Missing,W9999,CAISO In-State Wind Generation,CA,3857.0,7312230,7312230
12,2012,Los Angeles Department of Water & Power (LADWP),56433,W0368,Pine Tree Wind Power Plant,CA,135.0,281708,281708
13,2012,Not Available,Missing,W9999,CAISO In-State Wind Generation,CA,4831.9,8960490,8960490
14,2013,Los Angeles Department of Water & Power (LADWP),56433,W0368,Pine Tree Wind Power Plant,CA,135.0,258555,258555
15,2013,Not Available,Missing,W9999,CAISO In-State Wind Generation,CA,5650.2,11705700,11705700
16,2014,Aero Energy LLC,57774,W0285,Windridge Project (Retired 5/31/2015),CA,2.2,96,96
17,2014,Alta Wind VIII LLC,57835,W0393,Alta Wind VIII LLC,CA,150.0,282719,282719
18,2014,BP Wind Energy North America,50553,W0391,Edom Hills Project 1 LLC,CA,20.0,46637,46637
19,2014,CalWind Resources Inc,10191,W0284,Wind Resource I (Calwind Wind Resource I),CA,8.7,13895,13895
20,2014,CalWind Resources Inc,54909,W0320,Wind Resource II (Calwind),CA,20.0,46726,46726
21,2014,Coram California Development LP,57962,W0408,Coram California Development LP,CA,102.0,280834,280834
22,2014,Coram Energy Group Ltd,54298300,W0294,CTV Management Group - 6089 - Merged with W0263 - 12/31/2015,CA,4.5,10849,10849
23,2014,Difwinds Farm Ltd V,54685,W0386,Difwind Farms LTD V,CA,11.6,18202,18202
24,2014,EUI Management PH Inc,10027,W0268,EUIPH Wind Farm,CA,25.4,40024,40024
25,2014,EverPower Wind Holdings Inc,57833,W0406,Mustang Hills LLC (Alta Wind VI Energy Center),CA,150.0,304038,304038
26,2014,Foundation Windpower,57594,W0395,Teichert Vernalis,CA,1.5,1830,1830
27,2014,Foundation Windpower,57626,W0396,Safeway Tracy,CA,2.0,2235,2235
28,2014,Foundation Windpower,57792,W0397,IEUA,CA,1.0,387,387
29,2014,Foundation Windpower,57791,W0398,Anheuser-Busch,CA,1.5,2620,2620
30,2014,Foundation Windpower,58112,W0399,Cemex Madison,CA,1.0,1538,1538
31,2014,Foundation Windpower,58105,W0400,Wal-Mart Red Bluff,CA,1.0,1760,1760
32,2014,Foundation Windpower,58113,W0401,Robertsons Ready-Mix,CA,2.0,8856,8856
33,2014,Foundation Windpower,58114,W0402,Nestle Waters,CA,3.2,14021,14021
34,2014,Foundation Windpower,58102,W0403,Cemex BMQ,CA,3.0,3483,3483
35,2014,Foundation Windpower,58105,W0404,Cemex River Plant,CA,3.2,2682,2682
36,2014,Foundation Windpower,58104,W0405,Superior Farms,CA,1.0,1602,1602
37,2014,Foundation Windpower,Missing,W0456,Anheuser-Busch #2,CA,1.6,74,74
38,2014,FPL Energy Operating Services Inc,54647,W0270,Terra-Gen Mojave Windfarms (TPC Wind Farms - Tehachapi Power Purchase Trust),CA,28.4,72601,72601
39,2014,FPL Energy Operating Services Inc,52143,W0312,Mojave 3 (Mojave 3-4-5 (Desertwind II PPC Trust) - 6113),CA,23.5,59670,59670
40,2014,FPL Energy Operating Services Inc,50536,W0357,Solano Wind 12 (SMUD Solano Phase 2),CA,102.2,211359,211359
41,2014,FPL Energy Operating Services Inc,55152,W0358,Shiloh I Wind (Victory Garden Prtnr PHIV),CA,150.0,397313,397313
42,2014,FPL Energy Operating Services Inc,50823,W0364,Dillon Wind,CA,45.0,138754,138754
43,2014,FPL Energy Operating Services Inc,52143,W0365,Difwind Farms LTD I,CA,7.2,13259,13259
44,2014,FPL Energy Operating Services Inc,52143,W0366,Difwind Farms LTD II,CA,5.4,6875,6875
45,2014,Green Ridge Service LLC,Missing,W0336,Altamont Infrastructure Company - 01W144 - Retired 11/1/2015,CA,29.7,22794,22794
46,2014,Green Ridge Service LLC,Missing,W0348,Flowind 3-4 - Retired 10/31/2015,CA,5.0,7951,7951
47,2014,Hatchet Ridge Wind LLC,56654,W0369,Hatchet Ridge Wind LLC,CA,101.2,295513,295513
48,2014,International Turbine Research,10005,W0354,International Turbine Research Inc. (Retired June 14 2018),CA,18.6,24132,24132
49,2014,Los Angeles Department of Water & Power (LADWP),56433,W0368,Pine Tree Wind Power Plant,CA,135.0,285814,285814
50,2014,Mesa Wind Power Corporation,50535,W0260,Mesa Wind Power Corporation,CA,29.9,5030,5030
51,2014,Mojave 16/17/18 LLC,50822,W0313,Mojave 16 17 18 (Mojave 16-17-18  (Desertwind III PPC Trust) - 6063-6114),CA,83.1,115492,115492
52,2014,NextEra Energy Resources LLC,57201,W0371,FPL Energy Montezuma Winds LLC,CA,36.8,88037,88037
53,2014,NextEra Energy Resources LLC,57701,W0392,Montezuma Wind II,CA,78.2,210151,210151
54,2014,NextEra Energy Resources LLC,57700,W0394,Vasco Wind Energy Center,CA,78.2,238171,238171
55,2014,NextEra Energy Resources LLC,50013,W0423,Diablo Wind LLC,CA,18.0,57868,57868
56,2014,North Sky River Energy LLC,58121,W0414,North Sky River LLC,CA,160.0,451175,451175
57,2014,Not Available,50552,W0258,Cabazon Wind Partners LLC,CA,40.9,109664,109664
58,2014,Not Available,50532,W0271,Wind Stream Operations 6039 (Zond Systems  Inc - 6039),CA,6.3,8971,8971
59,2014,Not Available,50532,W0272,Wind Stream Operations 6040 (Zond Systems  Inc - 6040),CA,6.1,10668,10668
60,2014,Not Available,50532,W0273,Wind Stream Operations 6041 (Zond Systems  Inc - 6041),CA,4.5,6127,6127
61,2014,Not Available,56570,W0274,Wind Stream Operations 6042 (Zond Systems  Inc - 6042),CA,6.4,9956,9956
62,2014,Not Available,52161,W0275,85A (Zond Systems  Inc - 6043),CA,14.1,16498,16498
63,2014,Not Available,52163,W0276,85B (Zond Systems  Inc - 6044),CA,21.1,21883,21883
64,2014,Not Available,50536,W0289,Sky River Partnership (ESI Energy  Inc - 6065),CA,76.9,174457,174457
65,2014,Not Available,Missing,W0304,Victory Gardens IV (6103),CA,20.7,37265,37265
66,2014,Not Available,52161,W0306,Terra-Gen 251 Wind (Zond Monolith X),CA,15.7,25927,25927
67,2014,Not Available,Missing,W0310,Wind Stream Operations 6111 (AES Tehachapi Wind - Zond Systems  Inc - Northwind),CA,6.6,7763,7763
68,2014,Not Available,50533,W0311,Painted Hills Wind Developers (Zond Systems Inc - 6112),CA,19.2,32333,32333
69,2014,Not Available,50534,W0331,Santa Clara 85C - Decommissioned 7/1/2016,CA,16.0,16410,16410
70,2014,Oasis Power Partners LLC,56302,W0385,Oasis Power Partners LLC,CA,60.0,158026,158026
71,2014,Pettern Energy (Ocotillo LLC),57514,W0409,Ocotillo Express LLC,CA,265.4,566598,566598
72,2014,Ridgetop Energy LLC,54931,W0265,Ridgetop Energy II (Cannon Energy Corp),CA,47.0,145046,145046
73,2014,Ridgetop Energy LLC,10597,W0297,Ridgetop Energy (Cannon Energy Corp - 6092),CA,28.3,66230,66230
74,2014,San Gorgornio Farms Inc,50281,W0261,San Gorgonio Farms Wind Farm,CA,31.0,72754,72754
75,2014,San Gorgornio Farms Inc,10718,W0286,Karen Avenue Wind Farm,CA,11.7,28647,28647
76,2014,Seawest Energy Group,54258,W0277,Phoenix Wind (Section 20 Trust),CA,2.1,5453,5453
77,2014,Seawest Energy Group,50820,W0278,East Winds Project (NAWP Inc),CA,4.2,4771,4771
78,2014,Seawest Energy Group,40485,W0292,Altech III (NAWP Inc. - 6087),CA,27.4,39256,39256
79,2014,Seawest Energy Group,Missing,W0298,Seawest Industries  Inc San Jacinto - Retired 11/1/2015,CA,4.4,1277,1277
80,2014,Seawest Energy Group,57302,W0299,Green Power I (Dutch Energy Corp),CA,16.5,26897,26897
81,2014,Seawest Energy Group,56075,W0355,High Winds,CA,162.0,329419,329419
82,2014,Seawest Energy Group,58092,W0356,Solano Wind 3 (SMUD Solano Phase 1),CA,129.0,350992,350992
83,2014,See WPRS for details,Missing,W0259,Mogul Energy,CA,4.0,1752,1752
84,2014,See WPRS for details,50386,W0262,Windland Inc Boxcar I,CA,7.3,15447,15447
85,2014,See WPRS for details,Missing,W0266,CTV Management Group - 6029 - Merged with W0463 - 12/31/2015,CA,7.5,22464,22464
86,2014,See WPRS for details,54299,W0280,CTV Management Group - Merged with W0463 - 12/31/2015,CA,3.0,8317,8317
87,2014,See WPRS for details,Missing,W0301,Windland Inc Boxcar II,CA,8.0,18531,18531
88,2014,See WPRS for details,50754,W0319,Oak Creek Wind Power,CA,31.5,61849,61849
89,2014,See WPRS for details,50712,W0322,Altamont Pass Windplant -Retired 11/1/2015,CA,87.6,107122,107122
90,2014,See WPRS for details,Missing,W0333,ALTAMONT-  01W035 - Retired 10/31/2015,CA,50.0,79630,79630
91,2014,See WPRS for details,Missing,W0337,ALTAMONT - 01W146A - Retired 10/31/2015,CA,30.0,51378,51378
92,2014,See WPRS for details,Missing,W0340,ALTAMONT - 01W146D - Retired 11/1/2015,CA,15.0,13967,13967
93,2014,See WPRS for details,50001,W0346,Altamont Midway Ltd - Retired 4/1/2015,CA,9.0,9513,9513
94,2014,See WPRS for details,Missing,W0347,ALTAMONT - 16W011 - Retired 10/31/2015,CA,10.0,12792,12792
95,2014,See WPRS for details,56213,W0352,Patterson Pass -Retired 11/1/2014,CA,18.1,28216,28216
96,2014,See WPRS for details,Missing,W0353,Dyer Road - Retired 4/1/2015,CA,7.4,4547,4547
97,2014,See WPRS for details,10586,W0360,Mountain View III,CA,22.4,70370,70370
98,2014,See WPRS for details,54686,W0374,Difwind Farms Ltd VI,CA,24.4,39909,39909
99,2014,See WPRS for details,10815,W0375,Difwind VII - Retired 11/1/2015,CA,21.4,35900,35900
100,2014,See WPRS for details,54678,W0376,Difwind VIII - Retired 8/14/2014,CA,12.0,3257,3257
101,2014,See WPRS for details,Missing,W0377,DifWind IX - Retired 11/1/2015,CA,14.5,18001,18001
102,2014,See WPRS for details,54453,W0380,EDF Renewable Windfarm V Inc (ENXCO V),CA,16.1,33496,33496
103,2014,See WPRS for details,Missing,W0382,Alta Mesa Phase III - In Litigation - No reporting,CA,28.2,17116,17116
104,2014,See WPRS for details,Missing,W0390,Golden Acorn Casino,CA,1.0,1509,1509
105,2014,See WPRS for details,Missing,W0413,WAGNER WIND LLC,CA,6.0,18363,18363
106,2014,See WPRS for details,Missing,W0420,Manzana Wind,CA,189.0,528764,528764
107,2014,See WPRS for details,Missing,W0421,Shiloh III Wind Project LLC,CA,100.0,271621,271621
108,2014,See WPRS for details,Missing,W0422,Shiloh IV Wind Project LLC,CA,100.0,287027,287027
109,2014,See WPRS for details,Missing,W0426,Buena Vista Energy LLC,CA,38.0,93841,93841
110,2014,See WPRS for details,Missing,W0429,Helzel & Schwarzhoff 88 (Decommissioned 3/31/2016),CA,1.8,2539,2539
111,2014,See WPRS for details,Missing,W0430,Mountain View IV,CA,49.0,156194,156194
112,2014,See WPRS for details,Missing,W0437,Wintec Energy #2-A,CA,1.3,3930,3930
113,2014,See WPRS for details,Missing,W0439,Dutch Energy Wind Farm,CA,10.0,20083,20083
114,2014,See WPRS for details,Missing,W0440,Garnet Wind Energy Center,CA,6.5,20072,20072
115,2014,See WPRS for details,Missing,W0441,Alta X Wind Energy Center,CA,136.8,328083,328083
116,2014,See WPRS for details,Missing,W0442,Alta XI Wind Energy Center,CA,89.7,249985,249985
117,2014,See WPRS for details,Missing,W0443,Mojave 4,CA,29.0,74810,74810
118,2014,See WPRS for details,Missing,W0444,Mojave 5,CA,22.5,60733,60733
119,2014,See WPRS for details,Missing,W0445,Coram Tehachapi LP,CA,6.5,13236,13236
120,2014,See WPRS for details,Missing,W0446,Windpower Partners 1992  L.P - Retired 11/1/2015,CA,30.0,34365,34365
121,2014,See WPRS for details,Missing,W0447,San Gorgonio Wind,CA,49.5,183708,183708
122,2014,See WPRS for details,Missing,W0449,Terra-Gen VG Wind,CA,7.4,14100,14100
123,2014,See WPRS for details,Missing,W0450,Mountain View I,CA,44.4,136298,136298
124,2014,See WPRS for details,Missing,W0451,Mountain View II,CA,22.2,67724,67724
125,2014,See WPRS for details,Missing,W0452,Cabazon Wind,CA,38.8,56706,56706
126,2014,See WPRS for details,Missing,W0453,Windpower Partners 1991  L.P. - Retired 11/1/2015,CA,16.3,8218,8218
127,2014,See WPRS for details,Missing,W0455,City of Soledad,CA,1.0,340,340
128,2014,See WPRS for details,Missing,W0457,Taylor Farms,CA,1.0,210,210
129,2014,See WPRS for details,Missing,W0458,Rising Tree Wind Farm I,CA,79.2,905,905
130,2014,See WPRS for details,Missing,W0459,Rising Tree Wind Farm II,CA,19.8,127,127
131,2014,Shiloh III Wind Project,56874,W0384,Shiloh Wind Project 2 LLC (Shiloh II & III),CA,150.0,405334,405334
132,2014,Terra-Gen Operating Company,50690,W0283,San Gorgonio Westwinds II,CA,40.9,110612,110612
133,2014,Terra-Gen Operating Company,52161,W0359,Kumeyaay Wind Farm,CA,50.0,139934,139934
134,2014,Terra-Gen Operating Company,54931,W0361,Whitewater Hill Partners LLC,CA,61.5,161043,161043
135,2014,Terra-Gen Operating Company,57757,W0367,Pacific Wind Project LLC,CA,140.0,317179,317179
136,2014,Terra-Gen Operating Company,57282,W0370,Alta I Wind Energy Center,CA,150.0,403255,403255
137,2014,Terra-Gen Operating Company,57291,W0372,Alta II Wind Energy Center,CA,150.0,328958,328958
138,2014,Terra-Gen Operating Company,57292,W0387,Alta III Wind Energy Center,CA,150.0,349247,349247
139,2014,Terra-Gen Operating Company,57293,W0388,Alta IV Wind Energy Center,CA,102.0,168322,168322
140,2014,Terra-Gen Operating Company,57294,W0389,Alta V Wind Energy Center,CA,168.0,269901,269901
141,2014,Terra-Gen Operating Company,10586,W0407,Cameron Ridge,CA,59.6,175663,175663
142,2014,Terra-Gen Operating Company,57834,W0415,Pinyon Pines Winds I,CA,168.0,365508,365508
143,2014,Terra-Gen Operating Company,57837,W0416,Pinyon Pines Winds II,CA,132.0,255624,255624
144,2014,Westwind Association,Missing,W0300,Westwind Partners LLC (ENXCO) - Decommissioned 7/1/2016,CA,9.1,13600,13600
145,2014,Windpower Partners 1993 LP,50276,W0318,Wintec Energy Ltd.,CA,5.9,7994,7994
146,2014,Windstar Energy LLC,57774,W0419,Windstar Energy LLC,CA,120.0,284314,284314
147,2015,Aero Energy LLC,57774,W0285,Windridge Project (Retired 5/31/2015),CA,2.2,0,0
148,2015,Alta Wind VIII LLC,57835,W0393,Alta Wind VIII LLC,CA,150.0,231523,231523
149,2015,BP Wind Energy North America,50553,W0391,Edom Hills Project 1 LLC,CA,20.0,43414,43414
150,2015,CalWind Resources Inc,10191,W0284,Wind Resource I (Calwind Wind Resource I),CA,8.7,12097,12097
151,2015,CalWind Resources Inc,54909,W0320,Wind Resource II (Calwind),CA,20.0,35263,35263
152,2015,Coram California Development LP,57962,W0408,Coram California Development LP,CA,102.0,237349,237349
153,2015,Coram Energy Group Ltd,54298300,W0294,CTV Management Group - 6089 - Merged with W0263 - 12/31/2015,CA,4.5,10140,10140
154,2015,Difwinds Farm Ltd V,54685,W0386,Difwind Farms LTD V,CA,11.6,15874,15874
155,2015,EUI Management PH Inc,10027,W0268,EUIPH Wind Farm,CA,25.5,41008,41008
156,2015,EverPower Wind Holdings Inc,57833,W0406,Mustang Hills LLC (Alta Wind VI Energy Center),CA,150.0,252833,252833
157,2015,Foundation Windpower,57594,W0395,Teichert Vernalis,CA,1.5,1598,1598
158,2015,Foundation Windpower,57626,W0396,Safeway Tracy,CA,2.0,2325,2325
159,2015,Foundation Windpower,57792,W0397,IEUA,CA,1.0,467,467
160,2015,Foundation Windpower,57791,W0398,Anheuser-Busch,CA,1.5,2170,2170
161,2015,Foundation Windpower,58112,W0399,Cemex Madison,CA,1.0,1405,1405
162,2015,Foundation Windpower,58105,W0400,Wal-Mart Red Bluff,CA,1.0,1889,1889
163,2015,Foundation Windpower,58113,W0401,Robertsons Ready-Mix,CA,2.0,7510,7510
164,2015,Foundation Windpower,58114,W0402,Nestle Waters,CA,3.2,12735,12735
165,2015,Foundation Windpower,58102,W0403,Cemex BMQ,CA,3.0,2926,2926
166,2015,Foundation Windpower,58105,W0404,Cemex River Plant,CA,3.2,2581,2581
167,2015,Foundation Windpower,58104,W0405,Superior Farms,CA,1.0,1521,1521
168,2015,Foundation Windpower,Missing,W0456,Anheuser-Busch #2,CA,1.6,2463,2463
169,2015,FPL Energy Operating Services Inc,54647,W0270,Terra-Gen Mojave Windfarms (TPC Wind Farms - Tehachapi Power Purchase Trust),CA,28.4,56134,56134
170,2015,FPL Energy Operating Services Inc,52143,W0312,Mojave 3 (Mojave 3-4-5 (Desertwind II PPC Trust) - 6113),CA,23.5,53314,53314
171,2015,FPL Energy Operating Services Inc,50536,W0357,Solano Wind 12 (SMUD Solano Phase 2),CA,102.2,212781,212781
172,2015,FPL Energy Operating Services Inc,55152,W0358,Shiloh I Wind (Victory Garden Prtnr PHIV),CA,150.0,417393,417393
173,2015,FPL Energy Operating Services Inc,50823,W0364,Dillon Wind,CA,45.0,137463,137463
174,2015,FPL Energy Operating Services Inc,52143,W0365,Difwind Farms LTD I,CA,7.2,11792,11792
175,2015,FPL Energy Operating Services Inc,52143,W0366,Difwind Farms LTD II,CA,5.4,5634,5634
176,2015,Green Ridge Service LLC,Missing,W0336,Altamont Infrastructure Company - 01W144 - Retired 11/1/2015,CA,34.7,18838,18838
177,2015,Green Ridge Service LLC,Missing,W0348,Flowind 3-4 - Retired 10/31/2015,CA,5.0,6756,6756
178,2015,Hatchet Ridge Wind LLC,56654,W0369,Hatchet Ridge Wind LLC,CA,101.2,266264,266264
179,2015,International Turbine Research,10005,W0354,International Turbine Research Inc. (Retired June 14 2018),CA,18.6,27015,27015
180,2015,Los Angeles Department of Water & Power (LADWP),56433,W0368,Pine Tree Wind Power Plant,CA,135.0,137070,137070
181,2015,Mesa Wind Power Corporation,50535,W0260,Mesa Wind Power Corporation,CA,29.9,9323,9323
182,2015,Mojave 16/17/18 LLC,50822,W0313,Mojave 16 17 18 (Mojave 16-17-18  (Desertwind III PPC Trust) - 6063-6114),CA,83.1,97766,97766
183,2015,NextEra Energy Resources LLC,57201,W0371,FPL Energy Montezuma Winds LLC,CA,36.8,97109,97109
184,2015,NextEra Energy Resources LLC,57701,W0392,Montezuma Wind II,CA,78.2,219504,219504
185,2015,NextEra Energy Resources LLC,57700,W0394,Vasco Wind Energy Center,CA,78.2,247875,247875
186,2015,NextEra Energy Resources LLC,50013,W0423,Diablo Wind LLC,CA,18.0,63229,63229
187,2015,North Sky River Energy LLC,58121,W0414,North Sky River LLC,CA,160.0,405281,405281
188,2015,Not Available,50552,W0258,Cabazon Wind Partners LLC,CA,40.9,104409,104409
189,2015,Not Available,50532,W0271,Wind Stream Operations 6039 (Zond Systems  Inc - 6039),CA,6.3,6517,6517
190,2015,Not Available,50532,W0272,Wind Stream Operations 6040 (Zond Systems  Inc - 6040),CA,6.7,8520,8520
191,2015,Not Available,50532,W0273,Wind Stream Operations 6041 (Zond Systems  Inc - 6041),CA,4.5,6342,6342
192,2015,Not Available,56570,W0274,Wind Stream Operations 6042 (Zond Systems  Inc - 6042),CA,6.3,9236,9236
193,2015,Not Available,52161,W0275,85A (Zond Systems  Inc - 6043),CA,14.1,13346,13346
194,2015,Not Available,52163,W0276,85B (Zond Systems  Inc - 6044),CA,21.1,17296,17296
195,2015,Not Available,50536,W0289,Sky River Partnership (ESI Energy  Inc - 6065),CA,76.9,130590,130590
196,2015,Not Available,Missing,W0304,Victory Gardens IV (6103),CA,20.7,31616,31616
197,2015,Not Available,52161,W0306,Terra-Gen 251 Wind (Zond Monolith X),CA,15.7,21615,21615
198,2015,Not Available,Missing,W0310,Wind Stream Operations 6111 (AES Tehachapi Wind - Zond Systems  Inc - Northwind),CA,6.3,6540,6540
199,2015,Not Available,50533,W0311,Painted Hills Wind Developers (Zond Systems Inc - 6112),CA,19.2,31805,31805
200,2015,Not Available,50534,W0331,Santa Clara 85C - Decommissioned 7/1/2016,CA,16.0,23035,23035
201,2015,Oasis Power Partners LLC,56302,W0385,Oasis Power Partners LLC,CA,60.0,154183,154182
202,2015,Pettern Energy (Ocotillo LLC),57514,W0409,Ocotillo Express LLC,CA,265.4,538350,538350
203,2015,Ridgetop Energy LLC,54931,W0265,Ridgetop Energy II (Cannon Energy Corp),CA,46.9,130227,130227
204,2015,Ridgetop Energy LLC,10597,W0297,Ridgetop Energy (Cannon Energy Corp - 6092),CA,28.5,55652,55652
205,2015,San Gorgornio Farms Inc,50281,W0261,San Gorgonio Farms Wind Farm,CA,31.0,79200,79200
206,2015,San Gorgornio Farms Inc,10718,W0286,Karen Avenue Wind Farm,CA,11.7,28755,28755
207,2015,Seawest Energy Group,54258,W0277,Phoenix Wind (Section 20 Trust),CA,2.1,5798,5798
208,2015,Seawest Energy Group,50820,W0278,East Winds Project (NAWP Inc),CA,4.2,4930,4930
209,2015,Seawest Energy Group,40485,W0292,Altech III (NAWP Inc. - 6087),CA,25.1,29139,29139
210,2015,Seawest Energy Group,Missing,W0298,Seawest Industries  Inc San Jacinto - Retired 11/1/2015,CA,1.6,89,89
211,2015,Seawest Energy Group,57302,W0299,Green Power I (Dutch Energy Corp),CA,16.5,25399,25399
212,2015,Seawest Energy Group,56075,W0355,High Winds,CA,162.0,344619,344619
213,2015,Seawest Energy Group,58092,W0356,Solano Wind 3 (SMUD Solano Phase 1),CA,127.8,357541,357541
214,2015,See WPRS for details,Missing,W0259,Mogul Energy,CA,4.0,1504,1504
215,2015,See WPRS for details,50386,W0262,Windland Inc Boxcar I,CA,7.3,10878,10878
216,2015,See WPRS for details,Missing,W0266,CTV Management Group - 6029 - Merged with W0463 - 12/31/2015,CA,7.5,19158,19158
217,2015,See WPRS for details,54299,W0280,CTV Management Group - Merged with W0463 - 12/31/2015,CA,3.0,8592,8592
218,2015,See WPRS for details,Missing,W0301,Windland Inc Boxcar II,CA,7.8,13034,13034
219,2015,See WPRS for details,50754,W0319,Oak Creek Wind Power,CA,31.5,54514,54514
220,2015,See WPRS for details,50712,W0322,Altamont Pass Windplant -Retired 11/1/2015,CA,87.6,15548,15548
221,2015,See WPRS for details,Missing,W0333,ALTAMONT-  01W035 - Retired 10/31/2015,CA,50.0,74709,74709
222,2015,See WPRS for details,Missing,W0337,ALTAMONT - 01W146A - Retired 10/31/2015,CA,30.0,49080,49080
223,2015,See WPRS for details,Missing,W0340,ALTAMONT - 01W146D - Retired 11/1/2015,CA,15.0,4735,4735
224,2015,See WPRS for details,50001,W0346,Altamont Midway Ltd - Retired 4/1/2015,CA,9.0,0,0
225,2015,See WPRS for details,Missing,W0347,ALTAMONT - 16W011 - Retired 10/31/2015,CA,10.0,16974,16974
226,2015,See WPRS for details,Missing,W0353,Dyer Road - Retired 4/1/2015,CA,7.4,0,0
227,2015,See WPRS for details,10586,W0360,Mountain View III,CA,22.4,71124,71124
228,2015,See WPRS for details,54686,W0374,Difwind Farms Ltd VI,CA,23.3,29361,29360
229,2015,See WPRS for details,10815,W0375,Difwind VII - Retired 11/1/2015,CA,21.4,23781,23781
230,2015,See WPRS for details,Missing,W0377,DifWind IX - Retired 11/1/2015,CA,13.6,10392,10392
231,2015,See WPRS for details,54453,W0380,EDF Renewable Windfarm V Inc (ENXCO V),CA,15.9,30288,30288
232,2015,See WPRS for details,Missing,W0382,Alta Mesa Phase III - In Litigation - No reporting,CA,28.2,14449,14449
233,2015,See WPRS for details,Missing,W0390,Golden Acorn Casino,CA,1.0,3529,3529
234,2015,See WPRS for details,Missing,W0413,WAGNER WIND LLC,CA,6.0,16158,16158
235,2015,See WPRS for details,Missing,W0420,Manzana Wind,CA,189.0,454682,454682
236,2015,See WPRS for details,Missing,W0421,Shiloh III Wind Project LLC,CA,102.5,269955,269955
237,2015,See WPRS for details,Missing,W0422,Shiloh IV Wind Project LLC,CA,100.0,300765,300765
238,2015,See WPRS for details,Missing,W0426,Buena Vista Energy LLC,CA,38.0,98279,98279
239,2015,See WPRS for details,Missing,W0429,Helzel & Schwarzhoff 88 (Decommissioned 3/31/2016),CA,1.5,2157,2157
240,2015,See WPRS for details,Missing,W0430,Mountain View IV,CA,49.0,159388,159388
241,2015,See WPRS for details,Missing,W0437,Wintec Energy #2-A,CA,1.3,3974,3974
242,2015,See WPRS for details,59236,W0438,Rising Tree Wind Farm III,CA,99.0,177239,177239
243,2015,See WPRS for details,Missing,W0439,Dutch Energy Wind Farm,CA,9.5,18475,18475
244,2015,See WPRS for details,Missing,W0440,Garnet Wind Energy Center,CA,6.5,18470,18470
245,2015,See WPRS for details,Missing,W0441,Alta X Wind Energy Center,CA,136.8,309409,309409
246,2015,See WPRS for details,Missing,W0442,Alta XI Wind Energy Center,CA,89.7,223610,223610
247,2015,See WPRS for details,Missing,W0443,Mojave 4,CA,29.0,62277,62277
248,2015,See WPRS for details,Missing,W0444,Mojave 5,CA,22.5,55853,55853
249,2015,See WPRS for details,Missing,W0445,Coram Tehachapi LP,CA,6.5,11022,11022
250,2015,See WPRS for details,Missing,W0446,Windpower Partners 1992  L.P - Retired 11/1/2015,CA,30.0,16640,16640
251,2015,See WPRS for details,Missing,W0447,San Gorgonio Wind,CA,49.5,180107,180107
252,2015,See WPRS for details,Missing,W0449,Terra-Gen VG Wind,CA,7.4,12690,12690
253,2015,See WPRS for details,Missing,W0450,Mountain View I,CA,44.4,130223,130223
254,2015,See WPRS for details,Missing,W0451,Mountain View II,CA,22.2,69489,69489
255,2015,See WPRS for details,Missing,W0452,Cabazon Wind,CA,39.0,57038,57038
256,2015,See WPRS for details,Missing,W0453,Windpower Partners 1991  L.P. - Retired 11/1/2015,CA,16.3,3783,3783
257,2015,See WPRS for details,Missing,W0455,City of Soledad,CA,1.0,2932,2932
258,2015,See WPRS for details,Missing,W0457,Taylor Farms,CA,1.0,2441,2441
259,2015,See WPRS for details,Missing,W0458,Rising Tree Wind Farm I,CA,79.2,197511,197511
260,2015,See WPRS for details,Missing,W0459,Rising Tree Wind Farm II,CA,19.8,46622,46622
261,2015,See WPRS for details,60049,W0461,Golden Hills,CA,85.9,10028,10028
262,2015,Shiloh III Wind Project,56874,W0384,Shiloh Wind Project 2 LLC (Shiloh II & III),CA,150.0,412937,412937
263,2015,Terra-Gen Operating Company,50690,W0283,San Gorgonio Westwinds II,CA,43.4,114786,114785
264,2015,Terra-Gen Operating Company,52161,W0359,Kumeyaay Wind Farm,CA,50.0,132710,132710
265,2015,Terra-Gen Operating Company,54931,W0361,Whitewater Hill Partners LLC,CA,61.5,144060,144060
266,2015,Terra-Gen Operating Company,57757,W0367,Pacific Wind Project LLC,CA,140.0,267080,267080
267,2015,Terra-Gen Operating Company,57282,W0370,Alta I Wind Energy Center,CA,150.0,341337,341337
268,2015,Terra-Gen Operating Company,57291,W0372,Alta II Wind Energy Center,CA,150.0,279829,279829
269,2015,Terra-Gen Operating Company,57292,W0387,Alta III Wind Energy Center,CA,150.0,300280,300280
270,2015,Terra-Gen Operating Company,57293,W0388,Alta IV Wind Energy Center,CA,102.0,134743,134743
271,2015,Terra-Gen Operating Company,57294,W0389,Alta V Wind Energy Center,CA,168.0,220011,220011
272,2015,Terra-Gen Operating Company,10586,W0407,Cameron Ridge,CA,59.7,152562,152562
273,2015,Terra-Gen Operating Company,57834,W0415,Pinyon Pines Winds I,CA,168.0,288517,288517
274,2015,Terra-Gen Operating Company,57837,W0416,Pinyon Pines Winds II,CA,132.0,202585,202585
275,2015,Westwind Association,Missing,W0300,Westwind Partners LLC (ENXCO) - Decommissioned 7/1/2016,CA,9.1,9784,9784
276,2015,Windpower Partners 1993 LP,50276,W0318,Wintec Energy Ltd.,CA,2.0,3110,3110
277,2015,Windstar Energy LLC,57774,W0419,Windstar Energy LLC,CA,120.0,249713,249713
278,2016,Alta Wind VIII LLC,57835,W0393,Alta Wind VIII LLC,CA,150.0,294817,294817
279,2016,BP Wind Energy North America,50553,W0391,Edom Hills Project 1 LLC,CA,20.0,45393,45393
280,2016,CalWind Resources Inc,10191,W0284,Wind Resource I (Calwind Wind Resource I),CA,8.7,15248,15248
281,2016,CalWind Resources Inc,54909,W0320,Wind Resource II (Calwind),CA,20.0,48993,48993
282,2016,Coram California Development LP,57962,W0408,Coram California Development LP,CA,102.0,286428,286428
283,2016,Difwinds Farm Ltd V,54685,W0386,Difwind Farms LTD V,CA,11.6,13935,13935
284,2016,EUI Management PH Inc,10027,W0268,EUIPH Wind Farm,CA,25.2,39180,39180
285,2016,EverPower Wind Holdings Inc,57833,W0406,Mustang Hills LLC (Alta Wind VI Energy Center),CA,150.0,314587,314587
286,2016,Foundation Windpower,57594,W0395,Teichert Vernalis,CA,1.5,1563,1563
287,2016,Foundation Windpower,57626,W0396,Safeway Tracy,CA,2.0,2720,2720
288,2016,Foundation Windpower,57792,W0397,IEUA,CA,1.0,600,600
289,2016,Foundation Windpower,57791,W0398,Anheuser-Busch,CA,1.5,2348,2348
290,2016,Foundation Windpower,58112,W0399,Cemex Madison,CA,1.0,1572,1572
291,2016,Foundation Windpower,58105,W0400,Wal-Mart Red Bluff,CA,1.0,2036,2036
292,2016,Foundation Windpower,58113,W0401,Robertsons Ready-Mix,CA,2.0,9793,9793
293,2016,Foundation Windpower,58114,W0402,Nestle Waters,CA,3.2,13774,13774
294,2016,Foundation Windpower,58102,W0403,Cemex BMQ,CA,3.0,3368,3368
295,2016,Foundation Windpower,58105,W0404,Cemex River Plant,CA,3.2,2932,2932
296,2016,Foundation Windpower,58104,W0405,Superior Farms,CA,1.0,1425,1425
297,2016,Foundation Windpower,Missing,W0456,Anheuser-Busch #2,CA,1.6,3937,3937
298,2016,FPL Energy Operating Services Inc,54647,W0270,Terra-Gen Mojave Windfarms (TPC Wind Farms - Tehachapi Power Purchase Trust),CA,28.3,59013,59013
299,2016,FPL Energy Operating Services Inc,52143,W0312,Mojave 3 (Mojave 3-4-5 (Desertwind II PPC Trust) - 6113),CA,23.5,64185,64185
300,2016,FPL Energy Operating Services Inc,50536,W0357,Solano Wind 12 (SMUD Solano Phase 2),CA,102.2,212379,212379
301,2016,FPL Energy Operating Services Inc,55152,W0358,Shiloh I Wind (Victory Garden Prtnr PHIV),CA,150.0,386097,386097
302,2016,FPL Energy Operating Services Inc,50823,W0364,Dillon Wind,CA,45.0,141733,141733
303,2016,FPL Energy Operating Services Inc,52143,W0365,Difwind Farms LTD I,CA,7.2,11859,11859
304,2016,FPL Energy Operating Services Inc,52143,W0366,Difwind Farms LTD II,CA,5.4,6475,6475
305,2016,Hatchet Ridge Wind LLC,56654,W0369,Hatchet Ridge Wind LLC,CA,101.2,287408,287408
306,2016,International Turbine Research,10005,W0354,International Turbine Research Inc. (Retired June 14 2018),CA,18.4,22381,22381
307,2016,Los Angeles Department of Water & Power (LADWP),56433,W0368,Pine Tree Wind Power Plant,CA,135.0,178507,178507
308,2016,Mesa Wind Power Corporation,50535,W0260,Mesa Wind Power Corporation,CA,29.9,7307,7307
309,2016,Mojave 16/17/18 LLC,50822,W0313,Mojave 16 17 18 (Mojave 16-17-18  (Desertwind III PPC Trust) - 6063-6114),CA,83.6,119017,119017
310,2016,NextEra Energy Resources LLC,57201,W0371,FPL Energy Montezuma Winds LLC,CA,36.8,90589,90589
311,2016,NextEra Energy Resources LLC,57701,W0392,Montezuma Wind II,CA,78.2,152043,152043
312,2016,NextEra Energy Resources LLC,57700,W0394,Vasco Wind Energy Center,CA,78.2,236403,236403
313,2016,NextEra Energy Resources LLC,50013,W0423,Diablo Wind LLC,CA,18.0,63335,63335
314,2016,North Sky River Energy LLC,58121,W0414,North Sky River LLC,CA,162.0,464374,464374
315,2016,Not Available,50552,W0258,Cabazon Wind Partners LLC,CA,40.9,116857,116857
316,2016,Not Available,50532,W0271,Wind Stream Operations 6039 (Zond Systems  Inc - 6039),CA,6.3,9048,9048
317,2016,Not Available,50532,W0272,Wind Stream Operations 6040 (Zond Systems  Inc - 6040),CA,6.7,10714,10714
318,2016,Not Available,50532,W0273,Wind Stream Operations 6041 (Zond Systems  Inc - 6041),CA,4.5,6153,6153
319,2016,Not Available,56570,W0274,Wind Stream Operations 6042 (Zond Systems  Inc - 6042),CA,6.3,8511,8511
320,2016,Not Available,52161,W0275,85A (Zond Systems  Inc - 6043),CA,14.1,15921,15921
321,2016,Not Available,52163,W0276,85B (Zond Systems  Inc - 6044),CA,21.1,20376,20376
322,2016,Not Available,50536,W0289,Sky River Partnership (ESI Energy  Inc - 6065),CA,70.7,136624,136624
323,2016,Not Available,Missing,W0304,Victory Gardens IV (6103),CA,20.7,34093,34093
324,2016,Not Available,52161,W0306,Terra-Gen 251 Wind (Zond Monolith X),CA,16.9,22830,22830
325,2016,Not Available,Missing,W0310,Wind Stream Operations 6111 (AES Tehachapi Wind - Zond Systems  Inc - Northwind),CA,6.3,7704,7704
326,2016,Not Available,50533,W0311,Painted Hills Wind Developers (Zond Systems Inc - 6112),CA,19.2,33058,33058
327,2016,Not Available,50534,W0331,Santa Clara 85C - Decommissioned 7/1/2016,CA,16.0,9604,9604
328,2016,Oasis Power Partners LLC,56302,W0385,Oasis Power Partners LLC,CA,60.0,180671,180671
329,2016,Pettern Energy (Ocotillo LLC),57514,W0409,Ocotillo Express LLC,CA,265.4,530435,530435
330,2016,Ridgetop Energy LLC,54931,W0265,Ridgetop Energy II (Cannon Energy Corp),CA,46.9,151109,151109
331,2016,Ridgetop Energy LLC,10597,W0297,Ridgetop Energy (Cannon Energy Corp - 6092),CA,28.5,55899,55899
332,2016,San Gorgornio Farms Inc,50281,W0261,San Gorgonio Farms Wind Farm,CA,30.9,88025,88025
333,2016,San Gorgornio Farms Inc,10718,W0286,Karen Avenue Wind Farm,CA,11.7,27636,27636
334,2016,Seawest Energy Group,54258,W0277,Phoenix Wind (Section 20 Trust),CA,2.1,0,0
335,2016,Seawest Energy Group,50820,W0278,East Winds Project (NAWP Inc),CA,3.0,7125,7125
336,2016,Seawest Energy Group,40485,W0292,Altech III (NAWP Inc. - 6087),CA,25.1,32145,32145
337,2016,Seawest Energy Group,57302,W0299,Green Power I (Dutch Energy Corp),CA,16.2,22578,22578
338,2016,Seawest Energy Group,56075,W0355,High Winds,CA,162.0,312407,312407
339,2016,Seawest Energy Group,58092,W0356,Solano Wind 3 (SMUD Solano Phase 1),CA,127.8,349975,349975
340,2016,See WPRS for details,Missing,W0259,Mogul Energy,CA,4.0,908,908
341,2016,See WPRS for details,50386,W0262,Windland Inc Boxcar I,CA,7.5,17572,17572
342,2016,See WPRS for details,Missing,W0301,Windland Inc Boxcar II,CA,7.8,18588,18588
343,2016,See WPRS for details,50754,W0319,Oak Creek Wind Power,CA,31.5,66279,66279
344,2016,See WPRS for details,10586,W0360,Mountain View III,CA,22.4,73551,73551
345,2016,See WPRS for details,54686,W0374,Difwind Farms Ltd VI,CA,23.0,38405,38405
346,2016,See WPRS for details,54453,W0380,EDF Renewable Windfarm V Inc (ENXCO V),CA,15.5,25941,25941
347,2016,See WPRS for details,Missing,W0390,Golden Acorn Casino,CA,1.0,3542,3542
348,2016,See WPRS for details,Missing,W0413,WAGNER WIND LLC,CA,6.0,19161,19161
349,2016,See WPRS for details,Missing,W0420,Manzana Wind,CA,189.0,539071,539071
350,2016,See WPRS for details,Missing,W0421,Shiloh III Wind Project LLC,CA,102.5,260264,260264
351,2016,See WPRS for details,Missing,W0422,Shiloh IV Wind Project LLC,CA,102.5,282860,282860
352,2016,See WPRS for details,Missing,W0426,Buena Vista Energy LLC,CA,38.0,94963,94963
353,2016,See WPRS for details,Missing,W0429,Helzel & Schwarzhoff 88 (Decommissioned 3/31/2016),CA,1.5,437,437
354,2016,See WPRS for details,Missing,W0430,Mountain View IV,CA,49.0,170594,170594
355,2016,See WPRS for details,Missing,W0437,Wintec Energy #2-A,CA,1.3,3838,3838
356,2016,See WPRS for details,59236,W0438,Rising Tree Wind Farm III,CA,99.0,321253,321253
357,2016,See WPRS for details,Missing,W0439,Dutch Energy Wind Farm,CA,9.5,18801,18801
358,2016,See WPRS for details,Missing,W0440,Garnet Wind Energy Center,CA,6.5,18632,18632
359,2016,See WPRS for details,Missing,W0441,Alta X Wind Energy Center,CA,136.8,364573,364573
360,2016,See WPRS for details,Missing,W0442,Alta XI Wind Energy Center,CA,89.7,276093,276093
361,2016,See WPRS for details,Missing,W0443,Mojave 4,CA,29.0,79508,79508
362,2016,See WPRS for details,Missing,W0444,Mojave 5,CA,22.5,65104,65104
363,2016,See WPRS for details,Missing,W0445,Coram Tehachapi LP,CA,6.5,14093,14093
364,2016,See WPRS for details,Missing,W0447,San Gorgonio Wind,CA,49.5,187884,187884
365,2016,See WPRS for details,Missing,W0449,Terra-Gen VG Wind,CA,7.4,13321,13321
366,2016,See WPRS for details,Missing,W0450,Mountain View I,CA,44.4,126972,126972
367,2016,See WPRS for details,Missing,W0451,Mountain View II,CA,22.2,61572,61572
368,2016,See WPRS for details,Missing,W0452,Cabazon Wind,CA,38.8,61442,61442
369,2016,See WPRS for details,Missing,W0455,City of Soledad,CA,1.0,4292,4292
370,2016,See WPRS for details,Missing,W0457,Taylor Farms,CA,1.0,3892,3892
371,2016,See WPRS for details,Missing,W0458,Rising Tree Wind Farm I,CA,79.2,243487,243487
372,2016,See WPRS for details,Missing,W0459,Rising Tree Wind Farm II,CA,19.8,59198,59198
373,2016,See WPRS for details,60049,W0461,Golden Hills,CA,85.9,282639,282639
374,2016,See WPRS for details,Missing,W0463,Coram Energy LLC,CA,15.0,50756,50756
375,2016,Shiloh III Wind Project,56874,W0384,Shiloh Wind Project 2 LLC (Shiloh II & III),CA,153.8,399427,399427
376,2016,Terra-Gen Operating Company,50690,W0283,San Gorgonio Westwinds II,CA,43.4,110413,110413
377,2016,Terra-Gen Operating Company,52161,W0359,Kumeyaay Wind Farm,CA,50.0,143754,143754
378,2016,Terra-Gen Operating Company,54931,W0361,Whitewater Hill Partners LLC,CA,61.5,138295,138295
379,2016,Terra-Gen Operating Company,57757,W0367,Pacific Wind Project LLC,CA,143.5,328828,328828
380,2016,Terra-Gen Operating Company,57282,W0370,Alta I Wind Energy Center,CA,150.0,413306,413306
381,2016,Terra-Gen Operating Company,57291,W0372,Alta II Wind Energy Center,CA,150.0,360211,360211
382,2016,Terra-Gen Operating Company,57292,W0387,Alta III Wind Energy Center,CA,150.0,380370,380370
383,2016,Terra-Gen Operating Company,57293,W0388,Alta IV Wind Energy Center,CA,102.0,183385,183385
384,2016,Terra-Gen Operating Company,57294,W0389,Alta V Wind Energy Center,CA,168.0,293760,293760
385,2016,Terra-Gen Operating Company,10586,W0407,Cameron Ridge,CA,59.7,175186,175186
386,2016,Terra-Gen Operating Company,57834,W0415,Pinyon Pines Winds I,CA,168.0,346699,346699
387,2016,Terra-Gen Operating Company,57837,W0416,Pinyon Pines Winds II,CA,132.0,250438,250438
388,2016,Westwind Association,Missing,W0300,Westwind Partners LLC (ENXCO) - Decommissioned 7/1/2016,CA,9.1,6101,6101
389,2016,Windpower Partners 1993 LP,50276,W0318,Wintec Energy Ltd.,CA,2.2,2295,2295
390,2016,Windstar Energy LLC,57774,W0419,Windstar Energy LLC,CA,120.0,299341,299341
391,2017,Alta Wind VIII LLC,57835,W0393,Alta Wind VIII LLC,CA,150.0,251380,251380
392,2017,BP Wind Energy North America,50553,W0391,Edom Hills Project 1 LLC,CA,20.0,42858,42858
393,2017,CalWind Resources Inc,10191,W0284,Wind Resource I (Calwind Wind Resource I),CA,8.7,14072,14072
394,2017,CalWind Resources Inc,54909,W0320,Wind Resource II (Calwind),CA,20.0,48641,48641
395,2017,Coram California Development LP,57962,W0408,Coram California Development LP,CA,102.0,261392,261392
396,2017,Difwinds Farm Ltd V,54685,W0386,Difwind Farms LTD V,CA,8.0,10748,10748
397,2017,EUI Management PH Inc,10027,W0268,EUIPH Wind Farm,CA,25.2,37098,37098
398,2017,EverPower Wind Holdings Inc,57833,W0406,Mustang Hills LLC (Alta Wind VI Energy Center),CA,150.0,289376,289376
399,2017,Foundation Windpower,57594,W0395,Teichert Vernalis,CA,1.5,1829,1829
400,2017,Foundation Windpower,57626,W0396,Safeway Tracy,CA,2.0,2912,2912
401,2017,Foundation Windpower,57792,W0397,IEUA,CA,1.0,474,474
402,2017,Foundation Windpower,57791,W0398,Anheuser-Busch,CA,1.5,2948,2948
403,2017,Foundation Windpower,58112,W0399,Cemex Madison,CA,1.0,1831,1831
404,2017,Foundation Windpower,58105,W0400,Wal-Mart Red Bluff,CA,1.0,2131,2131
405,2017,Foundation Windpower,58113,W0401,Robertsons Ready-Mix,CA,2.0,9089,9089
406,2017,Foundation Windpower,58114,W0402,Nestle Waters,CA,3.2,13049,13049
407,2017,Foundation Windpower,58102,W0403,Cemex BMQ,CA,3.0,3383,3383
408,2017,Foundation Windpower,58105,W0404,Cemex River Plant,CA,3.2,3085,3085
409,2017,Foundation Windpower,58104,W0405,Superior Farms,CA,1.0,1550,1550
410,2017,Foundation Windpower,Missing,W0456,Anheuser-Busch #2,CA,1.6,3614,3614
411,2017,FPL Energy Operating Services Inc,54647,W0270,Terra-Gen Mojave Windfarms (TPC Wind Farms - Tehachapi Power Purchase Trust),CA,28.3,55586,55586
412,2017,FPL Energy Operating Services Inc,52143,W0312,Mojave 3 (Mojave 3-4-5 (Desertwind II PPC Trust) - 6113),CA,23.5,56668,56668
413,2017,FPL Energy Operating Services Inc,50536,W0357,Solano Wind 12 (SMUD Solano Phase 2),CA,102.2,200409,200409
414,2017,FPL Energy Operating Services Inc,55152,W0358,Shiloh I Wind (Victory Garden Prtnr PHIV),CA,150.0,354640,354640
415,2017,FPL Energy Operating Services Inc,50823,W0364,Dillon Wind,CA,45.0,125165,125165
416,2017,FPL Energy Operating Services Inc,52143,W0365,Difwind Farms LTD I,CA,6.5,8308,8308
417,2017,FPL Energy Operating Services Inc,52143,W0366,Difwind Farms LTD II,CA,4.2,4347,4347
418,2017,Hatchet Ridge Wind LLC,56654,W0369,Hatchet Ridge Wind LLC,CA,101.2,292430,292430
419,2017,International Turbine Research,10005,W0354,International Turbine Research Inc. (Retired June 14 2018),CA,18.4,20957,20957
420,2017,Los Angeles Department of Water & Power (LADWP),56433,W0368,Pine Tree Wind Power Plant,CA,135.0,277814,277814
421,2017,Mesa Wind Power Corporation,50535,W0260,Mesa Wind Power Corporation,CA,29.9,5211,5211
422,2017,Mojave 16/17/18 LLC,50822,W0313,Mojave 16 17 18 (Mojave 16-17-18  (Desertwind III PPC Trust) - 6063-6114),CA,83.6,105088,105088
423,2017,NextEra Energy Resources LLC,57201,W0371,FPL Energy Montezuma Winds LLC,CA,36.8,88736,88736
424,2017,NextEra Energy Resources LLC,57701,W0392,Montezuma Wind II,CA,78.2,178426,178426
425,2017,NextEra Energy Resources LLC,57700,W0394,Vasco Wind Energy Center,CA,78.2,233404,233404
426,2017,NextEra Energy Resources LLC,50013,W0423,Diablo Wind LLC,CA,18.0,61056,61056
427,2017,North Sky River Energy LLC,58121,W0414,North Sky River LLC,CA,162.0,485691,485691
428,2017,Not Available,50552,W0258,Cabazon Wind Partners LLC,CA,40.9,116822,116822
429,2017,Not Available,50532,W0271,Wind Stream Operations 6039 (Zond Systems  Inc - 6039),CA,6.3,7611,7611
430,2017,Not Available,50532,W0272,Wind Stream Operations 6040 (Zond Systems  Inc - 6040),CA,6.7,8818,8818
431,2017,Not Available,50532,W0273,Wind Stream Operations 6041 (Zond Systems  Inc - 6041),CA,4.5,4842,4842
432,2017,Not Available,56570,W0274,Wind Stream Operations 6042 (Zond Systems  Inc - 6042),CA,6.3,8538,8538
433,2017,Not Available,52161,W0275,85A (Zond Systems  Inc - 6043),CA,14.1,16381,16381
434,2017,Not Available,52163,W0276,85B (Zond Systems  Inc - 6044),CA,21.1,19492,19492
435,2017,Not Available,50536,W0289,Sky River Partnership (ESI Energy  Inc - 6065),CA,69.8,141989,141989
436,2017,Not Available,Missing,W0304,Victory Gardens IV (6103),CA,20.7,31493,31493
437,2017,Not Available,52161,W0306,Terra-Gen 251 Wind (Zond Monolith X),CA,16.9,24458,24458
438,2017,Not Available,Missing,W0310,Wind Stream Operations 6111 (AES Tehachapi Wind - Zond Systems  Inc - Northwind),CA,6.3,7335,7335
439,2017,Not Available,50533,W0311,Painted Hills Wind Developers (Zond Systems Inc - 6112),CA,19.2,31823,31823
440,2017,Not Available,Missing,W0465,Scheid Vineyards,CA,1.9,845,845
441,2017,Oasis Power Partners LLC,56302,W0385,Oasis Power Partners LLC,CA,60.0,174020,174020
442,2017,Pettern Energy (Ocotillo LLC),57514,W0409,Ocotillo Express LLC,CA,265.4,541953,541953
443,2017,Ridgetop Energy LLC,54931,W0265,Ridgetop Energy II (Cannon Energy Corp),CA,46.9,144090,144090
444,2017,Ridgetop Energy LLC,10597,W0297,Ridgetop Energy (Cannon Energy Corp - 6092),CA,28.5,48346,48346
445,2017,San Gorgornio Farms Inc,50281,W0261,San Gorgonio Farms Wind Farm,CA,30.9,86019,86019
446,2017,San Gorgornio Farms Inc,10718,W0286,Karen Avenue Wind Farm,CA,11.7,27253,27253
447,2017,Seawest Energy Group,54258,W0277,Phoenix Wind (Section 20 Trust),CA,2.1,0,0
448,2017,Seawest Energy Group,50820,W0278,East Winds Project (NAWP Inc),CA,3.0,6615,6615
449,2017,Seawest Energy Group,40485,W0292,Altech III (NAWP Inc. - 6087),CA,18.2,21522,21522
450,2017,Seawest Energy Group,57302,W0299,Green Power I (Dutch Energy Corp),CA,16.2,25272,25272
451,2017,Seawest Energy Group,56075,W0355,High Winds,CA,162.0,306853,306853
452,2017,Seawest Energy Group,58092,W0356,Solano Wind 3 (SMUD Solano Phase 1),CA,127.8,332368,332368
453,2017,See WPRS for details,Missing,W0259,Mogul Energy,CA,4.0,0,0
454,2017,See WPRS for details,50386,W0262,Windland Inc Boxcar I,CA,7.5,16901,16901
455,2017,See WPRS for details,Missing,W0301,Windland Inc Boxcar II,CA,7.8,18268,18268
456,2017,See WPRS for details,50754,W0319,Oak Creek Wind Power,CA,31.5,62261,62261
457,2017,See WPRS for details,10586,W0360,Mountain View III,CA,22.4,63397,63397
458,2017,See WPRS for details,54686,W0374,Difwind Farms Ltd VI,CA,22.3,32646,32646
459,2017,See WPRS for details,54453,W0380,EDF Renewable Windfarm V Inc (ENXCO V),CA,15.5,23308,23308
460,2017,See WPRS for details,Missing,W0390,Golden Acorn Casino,CA,1.0,3698,3698
461,2017,See WPRS for details,Missing,W0413,WAGNER WIND LLC,CA,6.0,17615,17615
462,2017,See WPRS for details,Missing,W0420,Manzana Wind,CA,189.0,504558,504558
463,2017,See WPRS for details,Missing,W0421,Shiloh III Wind Project LLC,CA,102.5,250578,250578
464,2017,See WPRS for details,Missing,W0422,Shiloh IV Wind Project LLC,CA,102.5,268221,268221
465,2017,See WPRS for details,Missing,W0426,Buena Vista Energy LLC,CA,38.0,86416,86416
466,2017,See WPRS for details,Missing,W0430,Mountain View IV,CA,49.0,128856,128856
467,2017,See WPRS for details,Missing,W0437,Wintec Energy #2-A,CA,1.3,3542,3542
468,2017,See WPRS for details,59236,W0438,Rising Tree Wind Farm III,CA,99.0,334683,334683
469,2017,See WPRS for details,Missing,W0439,Dutch Energy Wind Farm,CA,9.5,16608,16608
470,2017,See WPRS for details,Missing,W0440,Garnet Wind Energy Center,CA,6.5,17232,17232
471,2017,See WPRS for details,Missing,W0441,Alta X Wind Energy Center,CA,136.8,343480,343480
472,2017,See WPRS for details,Missing,W0442,Alta XI Wind Energy Center,CA,89.7,237246,237246
473,2017,See WPRS for details,Missing,W0443,Mojave 4,CA,29.0,70584,70584
474,2017,See WPRS for details,Missing,W0444,Mojave 5,CA,22.5,56623,56623
475,2017,See WPRS for details,Missing,W0445,Coram Tehachapi LP,CA,6.5,12554,12554
476,2017,See WPRS for details,Missing,W0447,San Gorgonio Wind,CA,49.5,167064,167064
477,2017,See WPRS for details,Missing,W0449,Terra-Gen VG Wind,CA,6.7,9983,9983
478,2017,See WPRS for details,Missing,W0450,Mountain View I,CA,44.4,104527,104527
479,2017,See WPRS for details,Missing,W0451,Mountain View II,CA,22.2,51726,51726
480,2017,See WPRS for details,Missing,W0452,Cabazon Wind,CA,38.8,63474,63474
481,2017,See WPRS for details,Missing,W0455,City of Soledad,CA,1.0,4024,4024
482,2017,See WPRS for details,Missing,W0457,Taylor Farms,CA,1.0,3662,3662
483,2017,See WPRS for details,Missing,W0458,Rising Tree Wind Farm I,CA,79.2,251067,251067
484,2017,See WPRS for details,Missing,W0459,Rising Tree Wind Farm II,CA,19.8,54593,54593
485,2017,See WPRS for details,60049,W0461,Golden Hills,CA,85.9,280310,280310
486,2017,See WPRS for details,Missing,W0463,Coram Energy LLC,CA,15.0,45974,45974
487,2017,See WPRS for details,Missing,W0468,Golden Hills North,CA,46.0,9254,9254
488,2017,Shiloh III Wind Project,56874,W0384,Shiloh Wind Project 2 LLC (Shiloh II & III),CA,153.8,376605,376605
489,2017,Terra-Gen Operating Company,50690,W0283,San Gorgonio Westwinds II,CA,43.4,110549,110549
490,2017,Terra-Gen Operating Company,52161,W0359,Kumeyaay Wind Farm,CA,50.0,118317,118317
491,2017,Terra-Gen Operating Company,54931,W0361,Whitewater Hill Partners LLC,CA,61.5,165042,165042
492,2017,Terra-Gen Operating Company,57757,W0367,Pacific Wind Project LLC,CA,143.5,309711,309711
493,2017,Terra-Gen Operating Company,57282,W0370,Alta I Wind Energy Center,CA,150.0,369964,369964
494,2017,Terra-Gen Operating Company,57291,W0372,Alta II Wind Energy Center,CA,150.0,326079,326079
495,2017,Terra-Gen Operating Company,57292,W0387,Alta III Wind Energy Center,CA,150.0,350658,350658
496,2017,Terra-Gen Operating Company,57293,W0388,Alta IV Wind Energy Center,CA,102.0,164311,164311
497,2017,Terra-Gen Operating Company,57294,W0389,Alta V Wind Energy Center,CA,168.0,265960,265960
498,2017,Terra-Gen Operating Company,10586,W0407,Cameron Ridge,CA,59.7,167738,167738
499,2017,Terra-Gen Operating Company,57834,W0415,Pinyon Pines Winds I,CA,168.0,319581,319581
500,2017,Terra-Gen Operating Company,57837,W0416,Pinyon Pines Winds II,CA,132.0,230441,230441
501,2017,Windpower Partners 1993 LP,50276,W0318,Wintec Energy Ltd.,CA,2.2,2044,2044
502,2017,Windstar Energy LLC,57774,W0419,Windstar Energy LLC,CA,120.0,285384,285384
503,2018,Alta Wind VIII LLC,57835,W0393,Alta Wind VIII LLC,CA,150.0,277077,277077
504,2018,BP Wind Energy North America,50553,W0391,Edom Hills Project 1 LLC,CA,20.0,37700,37700
505,2018,CalWind Resources Inc,10191,W0284,Wind Resource I (Calwind Wind Resource I),CA,8.7,14337,14337
506,2018,CalWind Resources Inc,54909,W0320,Wind Resource II (Calwind),CA,20.0,48422,48422
507,2018,Coram California Development LP,57962,W0408,Coram California Development LP,CA,102.0,282009,282009
508,2018,Difwinds Farm Ltd V,54685,W0386,Difwind Farms LTD V,CA,8.0,8793,8793
509,2018,EUI Management PH Inc,10027,W0268,EUIPH Wind Farm,CA,25.2,40322,40322
510,2018,EverPower Wind Holdings Inc,57833,W0406,Mustang Hills LLC (Alta Wind VI Energy Center),CA,150.0,440887,440887
511,2018,Foundation Windpower,57594,W0395,Teichert Vernalis,CA,1.5,1921,1921
512,2018,Foundation Windpower,57626,W0396,Safeway Tracy,CA,2.0,2662,2662
513,2018,Foundation Windpower,57792,W0397,IEUA,CA,1.0,395,395
514,2018,Foundation Windpower,57791,W0398,Anheuser-Busch,CA,1.5,2582,2582
515,2018,Foundation Windpower,58112,W0399,Cemex Madison,CA,1.0,1649,1649
516,2018,Foundation Windpower,58105,W0400,Wal-Mart Red Bluff,CA,1.0,1363,1363
517,2018,Foundation Windpower,58113,W0401,Robertsons Ready-Mix,CA,2.0,9589,9589
518,2018,Foundation Windpower,58114,W0402,Nestle Waters,CA,3.2,13165,13165
519,2018,Foundation Windpower,58102,W0403,Cemex BMQ,CA,3.0,3294,3294
520,2018,Foundation Windpower,58105,W0404,Cemex River Plant,CA,3.2,2939,2939
521,2018,Foundation Windpower,58104,W0405,Superior Farms,CA,1.0,1597,1597
522,2018,Foundation Windpower,Missing,W0456,Anheuser-Busch #2,CA,1.6,3511,3511
523,2018,FPL Energy Operating Services Inc,54647,W0270,Terra-Gen Mojave Windfarms (TPC Wind Farms - Tehachapi Power Purchase Trust),CA,28.3,64439,64439
524,2018,FPL Energy Operating Services Inc,52143,W0312,Mojave 3 (Mojave 3-4-5 (Desertwind II PPC Trust) - 6113),CA,23.5,59211,59211
525,2018,FPL Energy Operating Services Inc,50536,W0357,Solano Wind 12 (SMUD Solano Phase 2),CA,102.2,211632,211632
526,2018,FPL Energy Operating Services Inc,55152,W0358,Shiloh I Wind (Victory Garden Prtnr PHIV),CA,150.0,387676,387676
527,2018,FPL Energy Operating Services Inc,50823,W0364,Dillon Wind,CA,45.0,146855,146855
528,2018,FPL Energy Operating Services Inc,52143,W0365,Difwind Farms LTD I,CA,6.5,6996,6996
529,2018,FPL Energy Operating Services Inc,52143,W0366,Difwind Farms LTD II,CA,4.2,1398,1398
530,2018,Hatchet Ridge Wind LLC,56654,W0369,Hatchet Ridge Wind LLC,CA,101.2,258503,258503
531,2018,International Turbine Research,10005,W0354,International Turbine Research Inc. (Retired June 14 2018),CA,18.4,9474,9474
532,2018,Los Angeles Department of Water & Power (LADWP),56433,W0368,Pine Tree Wind Power Plant,CA,135.0,291923,285189
533,2018,Mesa Wind Power Corporation,50535,W0260,Mesa Wind Power Corporation,CA,29.9,5055,5055
534,2018,Mojave 16/17/18 LLC,50822,W0313,Mojave 16 17 18 (Mojave 16-17-18  (Desertwind III PPC Trust) - 6063-6114),CA,83.6,120863,120863
535,2018,NextEra Energy Resources LLC,57201,W0371,FPL Energy Montezuma Winds LLC,CA,36.8,100413,100413
536,2018,NextEra Energy Resources LLC,57701,W0392,Montezuma Wind II,CA,78.2,225977,225977
537,2018,NextEra Energy Resources LLC,57700,W0394,Vasco Wind Energy Center,CA,78.2,210358,210358
538,2018,NextEra Energy Resources LLC,50013,W0423,Diablo Wind LLC,CA,18.0,78597,78597
539,2018,North Sky River Energy LLC,58121,W0414,North Sky River LLC,CA,162.0,459333,459333
540,2018,Not Available,50552,W0258,Cabazon Wind Partners LLC,CA,40.9,113364,113364
541,2018,Not Available,50532,W0271,Wind Stream Operations 6039 (Zond Systems  Inc - 6039),CA,6.3,8248,8248
542,2018,Not Available,50532,W0272,Wind Stream Operations 6040 (Zond Systems  Inc - 6040),CA,6.7,8494,8494
543,2018,Not Available,50532,W0273,Wind Stream Operations 6041 (Zond Systems  Inc - 6041),CA,4.5,5464,5464
544,2018,Not Available,56570,W0274,Wind Stream Operations 6042 (Zond Systems  Inc - 6042),CA,6.3,9991,9991
545,2018,Not Available,52161,W0275,85A (Zond Systems  Inc - 6043),CA,14.1,15643,15643
546,2018,Not Available,52163,W0276,85B (Zond Systems  Inc - 6044),CA,21.1,18640,18640
547,2018,Not Available,50536,W0289,Sky River Partnership (ESI Energy  Inc - 6065),CA,69.8,120275,120275
548,2018,Not Available,Missing,W0304,Victory Gardens IV (6103),CA,20.7,29014,29014
549,2018,Not Available,52161,W0306,Terra-Gen 251 Wind (Zond Monolith X),CA,16.9,21947,21947
550,2018,Not Available,Missing,W0310,Wind Stream Operations 6111 (AES Tehachapi Wind - Zond Systems  Inc - Northwind),CA,6.3,7371,7371
551,2018,Not Available,50533,W0311,Painted Hills Wind Developers (Zond Systems Inc - 6112),CA,19.2,29908,29908
552,2018,Not Available,Missing,W0465,Scheid Vineyards,CA,1.9,3812,3812
553,2018,Not Available,61066,W0466,CDCR-LAC,CA,1.9,4268,4268
554,2018,Not Available,61582,W0471,Voyager Wind II LLC,CA,128.7,12868,12868
555,2018,Not Available,61583,W0472,Voyager Wind III LLC,CA,43.2,1098,1098
556,2018,Not Available,61584,W0473,Voyager Wind IV LLC,CA,21.6,1572,1572
557,2018,Oasis Power Partners LLC,56302,W0385,Oasis Power Partners LLC,CA,60.0,185966,185966
558,2018,Pettern Energy (Ocotillo LLC),57514,W0409,Ocotillo Express LLC,CA,265.4,575314,575314
559,2018,Ridgetop Energy LLC,54931,W0265,Ridgetop Energy II (Cannon Energy Corp),CA,46.9,137760,137760
560,2018,Ridgetop Energy LLC,10597,W0297,Ridgetop Energy (Cannon Energy Corp - 6092),CA,28.5,45134,45134
561,2018,San Gorgornio Farms Inc,50281,W0261,San Gorgonio Farms Wind Farm,CA,30.9,90534,90534
562,2018,San Gorgornio Farms Inc,10718,W0286,Karen Avenue Wind Farm,CA,11.7,31626,31626
563,2018,Seawest Energy Group,54258,W0277,Phoenix Wind (Section 20 Trust),CA,2.1,0,0
564,2018,Seawest Energy Group,50820,W0278,East Winds Project (NAWP Inc),CA,3.0,7425,7425
565,2018,Seawest Energy Group,40485,W0292,Altech III (NAWP Inc. - 6087),CA,18.2,9160,9160
566,2018,Seawest Energy Group,57302,W0299,Green Power I (Dutch Energy Corp),CA,16.2,14790,14790
567,2018,Seawest Energy Group,56075,W0355,High Winds,CA,162.0,345306,345306
568,2018,Seawest Energy Group,58092,W0356,Solano Wind 3 (SMUD Solano Phase 1),CA,127.8,353150,353150
569,2018,See WPRS for details,Missing,W0259,Mogul Energy,CA,4.0,0,0
570,2018,See WPRS for details,50386,W0262,Windland Inc Boxcar I,CA,7.5,14376,14376
571,2018,See WPRS for details,Missing,W0301,Windland Inc Boxcar II,CA,7.8,16044,16044
572,2018,See WPRS for details,50754,W0319,Oak Creek Wind Power,CA,31.5,65001,65001
573,2018,See WPRS for details,10586,W0360,Mountain View III,CA,22.4,68975,68975
574,2018,See WPRS for details,54686,W0374,Difwind Farms Ltd VI,CA,22.3,34847,34847
575,2018,See WPRS for details,54453,W0380,EDF Renewable Windfarm V Inc (ENXCO V),CA,15.5,3484,3484
576,2018,See WPRS for details,Missing,W0390,Golden Acorn Casino,CA,1.0,4114,4114
577,2018,See WPRS for details,Missing,W0413,WAGNER WIND LLC,CA,6.0,13776,13776
578,2018,See WPRS for details,Missing,W0420,Manzana Wind,CA,189.0,514106,514106
579,2018,See WPRS for details,Missing,W0421,Shiloh III Wind Project LLC,CA,102.5,284463,284463
580,2018,See WPRS for details,Missing,W0422,Shiloh IV Wind Project LLC,CA,102.5,299995,299995
581,2018,See WPRS for details,Missing,W0426,Buena Vista Energy LLC,CA,38.0,98291,98291
582,2018,See WPRS for details,Missing,W0430,Mountain View IV,CA,49.0,171877,171877
583,2018,See WPRS for details,Missing,W0437,Wintec Energy #2-A,CA,1.3,3208,3208
584,2018,See WPRS for details,59236,W0438,Rising Tree Wind Farm III,CA,99.0,354027,354027
585,2018,See WPRS for details,Missing,W0439,Dutch Energy Wind Farm,CA,9.5,20936,20936
586,2018,See WPRS for details,Missing,W0440,Garnet Wind Energy Center,CA,6.5,15906,15906
587,2018,See WPRS for details,Missing,W0441,Alta X Wind Energy Center,CA,136.8,366674,366674
588,2018,See WPRS for details,Missing,W0442,Alta XI Wind Energy Center,CA,89.7,261519,261519
589,2018,See WPRS for details,Missing,W0443,Mojave 4,CA,29.0,62891,62891
590,2018,See WPRS for details,Missing,W0444,Mojave 5,CA,22.5,55605,55605
591,2018,See WPRS for details,Missing,W0445,Coram Tehachapi LP,CA,6.5,12759,12759
592,2018,See WPRS for details,Missing,W0447,San Gorgonio Wind,CA,49.5,194463,194463
593,2018,See WPRS for details,Missing,W0449,Terra-Gen VG Wind,CA,6.7,11114,11114
594,2018,See WPRS for details,Missing,W0450,Mountain View I,CA,44.4,133130,133130
595,2018,See WPRS for details,Missing,W0451,Mountain View II,CA,22.2,64355,64355
596,2018,See WPRS for details,Missing,W0452,Cabazon Wind,CA,38.8,80187,80187
597,2018,See WPRS for details,Missing,W0455,City of Soledad,CA,1.0,4127,4127
598,2018,See WPRS for details,Missing,W0457,Taylor Farms,CA,1.0,3870,3870
599,2018,See WPRS for details,Missing,W0458,Rising Tree Wind Farm I,CA,79.2,265989,265989
600,2018,See WPRS for details,Missing,W0459,Rising Tree Wind Farm II,CA,19.8,57838,57838
601,2018,See WPRS for details,60049,W0461,Golden Hills,CA,85.9,313115,313115
602,2018,See WPRS for details,Missing,W0463,Coram Energy LLC,CA,15.0,49848,49848
603,2018,See WPRS for details,Missing,W0467,Tule Wind,CA,131.1,311385,311385
604,2018,See WPRS for details,Missing,W0468,Golden Hills North,CA,46.0,185406,185406
605,2018,Shiloh III Wind Project,56874,W0384,Shiloh Wind Project 2 LLC (Shiloh II & III),CA,153.8,420589,420589
606,2018,Terra-Gen Operating Company,50690,W0283,San Gorgonio Westwinds II,CA,43.4,120084,120084
607,2018,Terra-Gen Operating Company,52161,W0359,Kumeyaay Wind Farm,CA,50.0,155201,155201
608,2018,Terra-Gen Operating Company,54931,W0361,Whitewater Hill Partners LLC,CA,61.5,156463,156463
609,2018,Terra-Gen Operating Company,57757,W0367,Pacific Wind Project LLC,CA,143.5,312942,312942
610,2018,Terra-Gen Operating Company,57282,W0370,Alta I Wind Energy Center,CA,150.0,398580,398580
611,2018,Terra-Gen Operating Company,57291,W0372,Alta II Wind Energy Center,CA,150.0,348597,348597
612,2018,Terra-Gen Operating Company,57292,W0387,Alta III Wind Energy Center,CA,150.0,360073,360073
613,2018,Terra-Gen Operating Company,57293,W0388,Alta IV Wind Energy Center,CA,102.0,178296,178296
614,2018,Terra-Gen Operating Company,57294,W0389,Alta V Wind Energy Center,CA,168.0,303956,303956
615,2018,Terra-Gen Operating Company,10586,W0407,Cameron Ridge,CA,59.7,162686,162686
616,2018,Terra-Gen Operating Company,57834,W0415,Pinyon Pines Winds I,CA,168.0,339371,339371
617,2018,Terra-Gen Operating Company,57837,W0416,Pinyon Pines Winds II,CA,132.0,244262,244262
618,2018,Windpower Partners 1993 LP,50276,W0318,Wintec Energy Ltd.,CA,2.2,358,358
619,2018,Windstar Energy LLC,57774,W0419,Windstar Energy LLC,CA,120.0,290314,290314
